Recipe	Batch Size	Ingredient	Quantity (kg)	Step / Section	Process Notes
Mixed Nuts = 400kg	400 kg	Cashews Int	27.5	NOTE: Doing this 4 times helps with proper mixing in the basin	Weighing: Dry Ingredients | Mixing: In silver basin | Bucketing: Bucket into 20ltr buckets | In a large tub, weigh the following ingredients and place in basin to mix. | Mix all dry ingredients with hands (wearing gloves) untill all product is mixed well and even. | Once all ingredients are mixed well, fill 20ltr white buckets and place lid ontop | Date the lid with the date of manufacturing
Mixed Nuts = 400kg	400 kg	Macadamias	5.0	NOTE: Doing this 4 times helps with proper mixing in the basin	
Mixed Nuts = 400kg	400 kg	Brazil nuts Int.	11.25	NOTE: Doing this 4 times helps with proper mixing in the basin	
Mixed Nuts = 400kg	400 kg	Pecans Int.	10.0	NOTE: Doing this 4 times helps with proper mixing in the basin	
Mixed Nuts = 400kg	400 kg	Walnuts Int.	20.0	NOTE: Doing this 4 times helps with proper mixing in the basin	
Mixed Nuts = 400kg	400 kg	Almonds B Int.	26.5	NOTE: Doing this 4 times helps with proper mixing in the basin	
Cacao Recipe = 180kg	180 kg	Coconut chips	12.5	Prepare 4 tubs on kitchen scales (2- Clustered, 2- Unclustered), add into each and mix the following	Assembly: Dry Ingredients; Wet ingredients; Mix | Cooking: Sweetner; Cooking in oven; Laying on oven trays | Bucketing: Includes dusting ingredients after cooking process; Bucketing with Silica | MIx ingredients well until the coconut chips are covered all over (no white bits of the coconut to be seen) | Tip contents of Clustered tubs into seperate stainless basins and follow the proceding steps | 1. HEAT for 7 mins at 3000, ( until it bubbles) | 2. Tip clustered tubs into 2 silver basins and mix | 3. Mix Honey into each clustered basins  THOROUGHLY | 3. Scoop Clustered batch with a 5LTR measuring jug onto oven trays, spread evenly | 4. Cook in oven on 140*C for 30 minutes at %60 fan function, repeat process until all Clustered batch is cooked | 5. Set up 4 tubs on kitchen scales, divide cooked Clustered batch evenly into 4 tubs | 6. Tip contents of Unclustered tubs into seperate stainless basins to mix the following | 1. HEAT Honey for 4 mins at 3000W ( until honey bubbles for 10 secs) | 2. HEAT Coconut oil for approx 10 mins at 400W (until liquid) | 3. Mix both honey and coconut oil into unclustered tub THOROUGHLY | 4. Scoop Unclustered batch with a 3.5LTR measuring jug onto oven trays evenly | 5. Cook in oven on 135*C for 30 minutes, %60 fan function, repeat process until all Unclustered batch is cooked | 6. Divide Unclustered batch evenly into the 4 tubs of the clustered batch | MIX well, then using a large scoop, fill approx 17 buckets (Silica on the top of bucket), place lid on tightly, write product and date on bucket lid
Cacao Recipe = 180kg	180 kg	Cacao Powder	0.75	Prepare 4 tubs on kitchen scales (2- Clustered, 2- Unclustered), add into each and mix the following	
Cacao Recipe = 180kg	180 kg	Ginger  powder	0.4	Prepare 4 tubs on kitchen scales (2- Clustered, 2- Unclustered), add into each and mix the following	
Cacao Recipe = 180kg	180 kg	Cinnamon  powder	0.3	Prepare 4 tubs on kitchen scales (2- Clustered, 2- Unclustered), add into each and mix the following	
Cacao Recipe = 180kg	180 kg	Raw Pepita	2.15	Add to tubs	
Cacao Recipe = 180kg	180 kg	Activated Sunflower	8.0	Add to tubs	
Cacao Recipe = 180kg	180 kg	Cacao Nibs	3.0	Add to tubs	
Cacao Recipe = 180kg	180 kg	Tulsi	0.1	Add to tubs	
Cacao Recipe = 180kg	180 kg	Gotu Kola	0.1	Add to tubs	
Cacao Recipe = 180kg	180 kg	Brahmi	0.1	Add to tubs	
Cacao Recipe = 180kg	180 kg	Activated Buckwheat	12.0	Add to tubs	
Cacao Recipe = 180kg	180 kg	Honey	5.0	Add into 2 silver cooking pots -	
Cacao Recipe = 180kg	180 kg	Vanilla essence	0.01	Add into 2 silver cooking pots -	
Cacao Recipe = 180kg	180 kg	Coconut Oil	2.5	Add into 4 silver cooking pots -	
Cacao Recipe = 180kg	180 kg	Honey	2.5	Add into 4 silver cooking pots -	
Cacao Recipe = 180kg	180 kg	Maca	0.125	Dusting -  ADD below ingredients into each tub	
Cacao Recipe = 180kg	180 kg	Mesquite	0.125	Dusting -  ADD below ingredients into each tub	
Cacao Recipe = 180kg	180 kg	Macadamia	1.0	Dusting -  ADD below ingredients into each tub	
Cacao Recipe = 180kg	180 kg	Int. Pecans	1.0	Dusting -  ADD below ingredients into each tub	
Cacao Recipe = 180kg	180 kg	Int. Almonds  B grade	1.0	Dusting -  ADD below ingredients into each tub	
EROS = 150KG	150 kg	Red coconut IRC	15.0	Get 4 tubs (2-Clustered, 2-Unclustered), ADD below ingredients into each tub	Assembly: Dry Ingredients; blending spices | Cooking: Sweetner; Cooking in oven; Laying on oven trays | Bucketing: Includes dusting ingredients after cooking process; Bucketing with Silica | 1. Heat cacao butter at 400 WATTS till liquid. approx 15 mins | 2. Heat rice malt at 3000W for 7 mins till bubbling (approx 10 secs bubbling) | 4. Tip CLUSTERED tubs into 2 silver basins and mix | 5. Mix both rice malt and cacao butter into each clustered basins THOROUGHLY | 6. Scoop Clustered batch with a 5LTR measuring jug onto oven trays evenly | 7. Cook in oven on 135*C for 25 minutes, %60 fan funciton, repeat until all Clustered batch is cooked | 8. Set up 4 tubs , divide cooked Clustered batch evenly into each tub | 1. Heat Cacao butter at 400 WATTS for. approx 15mins | 2. Cook rice malt for 5 mins @ 3000 watts | 3. Tip UNCLUSTERED tub into silver basin and mix | 4. Mix both pots of Sweetner into unclustered tub THOROUGHLY | 5. Scoop Unclustered batch with a 3.5LTR measuring jug onto oven trays evenly | 6. Cook in oven on 130*C for 25 minutes, % 60 fan function repeat until all Unclustered batch is cooked | 7. Divide Unclustered batch evenly into the 4 tubs of the Clustered batch | MIX well, then using a scoop, fill buckets (Silica at the top of the product), place lid on tightly, write product and date on bucket lid
EROS = 150KG	150 kg	Act. Buckwheat	7.55	Get 4 tubs (2-Clustered, 2-Unclustered), ADD below ingredients into each tub	
EROS = 150KG	150 kg	Raw Pepita	4.0	Get 4 tubs (2-Clustered, 2-Unclustered), ADD below ingredients into each tub	
EROS = 150KG	150 kg	Puffed Buckwheat	0.5	Get 4 tubs (2-Clustered, 2-Unclustered), ADD below ingredients into each tub	
EROS = 150KG	150 kg	Ginger powder	0.4	Get 4 tubs (2-Clustered, 2-Unclustered), ADD below ingredients into each tub	
EROS = 150KG	150 kg	Cinnamon powder	0.3	Get 4 tubs (2-Clustered, 2-Unclustered), ADD below ingredients into each tub	
EROS = 150KG	150 kg	Linseed	3.0	Add the following into both CLUSTERED tubs	
EROS = 150KG	150 kg	Ginkgo leaf	0.03	Add the following into both CLUSTERED tubs	
EROS = 150KG	150 kg	Cacao Butter	2.0	Add to 4 seperate silver cooking pots -	
EROS = 150KG	150 kg	Rice Malt	5.0	Add to 4 seperate silver cooking pots -	
EROS = 150KG	150 kg	Vanilla	0.01	Add to 4 seperate silver cooking pots -	
EROS = 150KG	150 kg	Cacao Butter	2.0	Add to 4 seperate silver cooking pots -	
EROS = 150KG	150 kg	Rice Malt	3.0	Add to 4 seperate silver cooking pots -	
EROS = 150KG	150 kg	Vanilla	0.01	Add to 4 seperate silver cooking pots -	
EROS = 150KG	150 kg	Puff Buckwheat	0.1	Dusting -  ADD below ingredients into each tub	
EROS = 150KG	150 kg	Rose Petals	0.25	Dusting -  ADD below ingredients into each tub	
EROS = 150KG	150 kg	Int. Pecans	1.5	Dusting -  ADD below ingredients into each tub	
EROS = 150KG	150 kg	Macadamia	1.5	Dusting -  ADD below ingredients into each tub	
EROS = 150KG	150 kg	Cranberries	2.0	Dusting -  ADD below ingredients into each tub	
EROS = 150KG	150 kg	Mesquite	0.025	Dusting -  ADD below ingredients into each tub	
EROS = 150KG	150 kg	Maca	0.025	Dusting -  ADD below ingredients into each tub	
EROS = 150KG	150 kg	Pomegranate	0.25	Dusting -  ADD below ingredients into each tub	
Birchia 170kg	170 kg	Coconut Chips	25.0	Combine below ingredients together into 2 basins	Assembly: Dry Ingredients; Mix | Cooking: Lightly bake @ 145*C for 25mins; %30 fan function | Bucketing: Includes dusting ingredients after cooking process | 1. Lay on oven trays with a 3Ltr measuring jug | 2. Cook in oven for 25 minutes @ 145*C , %30 fan function | MIX well, then using large scoop, fill 16-17 buckets (Silica on the top of bucket), place lid on tightly, write product and date on bucket lid
Birchia 170kg	170 kg	Quinoa Flakes	10.0	Combine below ingredients together into 2 basins	
Birchia 170kg	170 kg	Linseed	4.0	Divide cooked ingredients into 4 tubs and add the following into each tub	
Birchia 170kg	170 kg	Pepita	5.0	Divide cooked ingredients into 4 tubs and add the following into each tub	
Birchia 170kg	170 kg	Int. Almond B grade	1.0	Divide cooked ingredients into 4 tubs and add the following into each tub	
Birchia 170kg	170 kg	Macadamia	1.0	Divide cooked ingredients into 4 tubs and add the following into each tub	
Birchia 170kg	170 kg	Int. Pecans	1.0	Divide cooked ingredients into 4 tubs and add the following into each tub	
Birchia 170kg	170 kg	Int. Buckwheat	8.4	Divide cooked ingredients into 4 tubs and add the following into each tub	
Birchia 170kg	170 kg	Chia seed	4.0	Divide cooked ingredients into 4 tubs and add the following into each tub	
Birchia 170kg	170 kg	Cinnamon	0.3	Dusting -  ADD below ingredients into each tub	
Birchia 170kg	170 kg	Ginger	0.2	Dusting -  ADD below ingredients into each tub	
Birchia 170kg	170 kg	Maca	0.05	Dusting -  ADD below ingredients into each tub	
Birchia 170kg	170 kg	Mesquite	0.05	Dusting -  ADD below ingredients into each tub	
Golden Recipe = 160kg	160 kg	coconut chips	10.0	Prepare 4 tubs on kitchen scales (2- Clustered, 2- Unclustered), in each, add the following	Assembly: Dry Ingredients; Mix; blending spices | Cooking: Sweetner; Cooking in oven | Bucketing: Dusting/Bucketing | MIx ingredients well until coconut chips are covered all over (no white bits of the coconut to be seen) | 1. Cook Rice malt at 3000 WATTS for 7 mins ( till boiling for 10 secs) | 2. Tip both clustered tubs into 2 large silver basins and mix | 3. Mix both cooked rice malt pots into clustered basins THOROUGHLY | 4. Scoop Clustered batch with a 5LTR measuring jug, spread onto oven trays evenly | 5. Cook in oven on 140*C for 30 minutes, %60 fan function, repeat until all Clustered batch is cooked | 6. Divide cooked Clustered batch evenly into 4 tubs | 1. Cook rice malt at 1800 WHATTS for 6 minutes approx. (till boiled for 10 secs) | 2. Heat coconut oil on 400 for 10 mins ( till liquid) | 3. Tip both unclustered tubs into 2 silver basins and mix | 4. Mix rice malt and coconut oil into each unclustered basins THOROUGHLY | 5. Scoop Unclustered batch with a 3.5LTR measuring jug, spread onto oven trays evenly | 6. Cook in oven on 135*C for 30 minutes, %60 fan function, repeat until all Unclustered batch is cooked | 7. Divide Unclustered batch evenly into the 4 tubs of the clustered batch | MIX well, then using large scoop, fill 17 buckets (Silica on the top of bucket), place lid on tightly, write product and date on bucket lid
Golden Recipe = 160kg	160 kg	Turmeric powder	0.32	Prepare 4 tubs on kitchen scales (2- Clustered, 2- Unclustered), in each, add the following	
Golden Recipe = 160kg	160 kg	Ginger powder	0.2	Prepare 4 tubs on kitchen scales (2- Clustered, 2- Unclustered), in each, add the following	
Golden Recipe = 160kg	160 kg	Cinnamon powder	0.2	Prepare 4 tubs on kitchen scales (2- Clustered, 2- Unclustered), in each, add the following	
Golden Recipe = 160kg	160 kg	Oats	8.0	Add to each tub	
Golden Recipe = 160kg	160 kg	Int. Sunflower	4.0	Add to each tub	
Golden Recipe = 160kg	160 kg	Raw Pepitas	4.0	Add to each tub	
Golden Recipe = 160kg	160 kg	Int. Buckwheat	8.3	Add to each tub	
Golden Recipe = 160kg	160 kg	Int. Golden spice mix	0.175	Add to each tub	
Golden Recipe = 160kg	160 kg	Nigella	0.2	Add to each tub	
Golden Recipe = 160kg	160 kg	safflower	0.16	Add to each tub	
Golden Recipe = 160kg	160 kg	Rice Malt	5.0	Add into 2 silver cooking pots -	
Golden Recipe = 160kg	160 kg	Vanilla essence	0.01	Add into 2 silver cooking pots -	
Golden Recipe = 160kg	160 kg	Add into 4 silver cooking pots -	UNCLUSTERED	Add into 2 silver cooking pots -	
Golden Recipe = 160kg	160 kg	Coconut OIl	2.0	Add into 4 silver cooking pots -	
Golden Recipe = 160kg	160 kg	Rice Malt	2.5	Add into 4 silver cooking pots -	
Golden Recipe = 160kg	160 kg	Macadamia	1.0	Dusting -  ADD below ingredients into each tub	
Golden Recipe = 160kg	160 kg	Int. Almonds B grade	1.0	Dusting -  ADD below ingredients into each tub	
Golden Recipe = 160kg	160 kg	Int. Pecans	1.0	Dusting -  ADD below ingredients into each tub	
Golden Recipe = 160kg	160 kg	Maca	0.08	Dusting -  ADD below ingredients into each tub	
Golden Recipe = 160kg	160 kg	Mesquite	0.08	Dusting -  ADD below ingredients into each tub	
Golden Recipe = 160kg	160 kg	Lemon Powder	0.08	Dusting -  ADD below ingredients into each tub	
Golden Recipe = 160kg	160 kg	Lemon Myrtle	0.06	Dusting -  ADD below ingredients into each tub	
Golden Spices = 3.5kg	3.5 kg	Cardamom Pods	1.0	Using Tabletop (kitchen) blender, blend the following ingredients	Assembly: Dry Ingredients; Mix; blending spices | Once all is blended Keep in a bucket for when its needed for Golden Granola, label with SKU and date on the lid of the bucket
Golden Spices = 3.5kg	3.5 kg	Cloves	0.3	Using Tabletop (kitchen) blender, blend the following ingredients	
Golden Spices = 3.5kg	3.5 kg	Star Anise pieces	1.0	Using Tabletop (kitchen) blender, blend the following ingredients	
Golden Spices = 3.5kg	3.5 kg	Pepper Powder	0.4	Using Tabletop (kitchen) blender, blend the following ingredients	
Golden Spices = 3.5kg	3.5 kg	Nutmeg Chips	0.8	Using Tabletop (kitchen) blender, blend the following ingredients	
Yummy Beans		Shitaake mushrooms chips	2.0	Add below ingredients into 2 basins	Assembly: Dry Ingredients | Cooking: Cooking in oven; Laying on oven trays | Bucketing: Bucketing with Silica | 1. Process 4kg of Shiitaki Mushrooms in the food processor until small chips. | 2. Mix both ingredients well | 3. Mix all ingredients in silver basins with green kitchen gloves on until well mixed | Use a 3ltr measuring jug to scoop and lay onto oven trays | cook at 135* for 25 mins intervals | once the timer goes off with first batch, cool infront of fan for 15 minutes then split product into 4 black tubs equally | repeat untill all product is cooked | Bucket into 20ltr buckets with designated silicas ontop of the product, lid and date the buckets
Yummy Beans		Olive oil	4.0	Add below ingredients into 2 basins	
Yummy Beans		Sesame Seeds ORGANIC	4.0	Add below ingredients into both silver basins	
Yummy Beans		Pepitas	12.0	Add below ingredients into both silver basins	
Yummy Beans		Int. Sunflower seeds	12.5	Add below ingredients into both silver basins	
Yummy Beans		Int. Lentil	19.0	Add below ingredients into both silver basins	
Yummy Beans		Mild Curry Powder	0.5	Add below ingredients into both silver basins	
Yummy Beans		Amchur	0.25	Add below ingredients into both silver basins	
Yummy Beans		Tomato Powder	0.2	Add below ingredients into both silver basins	
Yummy Beans		Nigella Seed Organic	0.2	Add below ingredients into both silver basins	
Yummy Beans		Paprika Smoked	0.2	Add below ingredients into both silver basins	
Yummy Beans		Cooking Salt	0.1	Add below ingredients into both silver basins	
Yummy Beans		Rosemary	0.2	Add below ingredients into both silver basins	
Yummy Beans		Garlic Powder	0.3	Add below ingredients into both silver basins	
Yummy Beans		Nutritional Yeast	0.5	Add below ingredients into both silver basins	
Yummy Beans		Finely ground  Black pepper	0.1	Add below ingredients into both silver basins	
Yummy Beans		Int. Almond B grade	3.225	Once all the cooked product is in the black tubs, add the following to EACH tub	
KOMBUCHA	20.4 kg	HONEY	0.2		
KOMBUCHA	20.4 kg	TEA	0.2		
KOMBUCHA	20.4 kg	WATER	20.0		
Red Coconut = 64kg	64 kg	Coconut chips	60.0	In  larger silver basin add the following	Assembly: -Dry Ingredients; -paint stirer procedure; -Laying | Cooking: -Dehydrator; -60*C; -Overnight | Bucketing: -Includes dusting ingredients after cooking process; -Bucketing | Pour wet mixture into basin with coconut chips, MIx well until the coconut chips are red all over (no white bits of the coconut to be seen) | Scoop Red Coconut Chips with 3Ltr measuring jug, lay onto deydrating trays , leaving an edge of 2inches around the tray, place trays in the deydrating trollies. This will occupy ONE entire trolley | Dehydrate on 60*C overnight ready for Eros Recipe the following day | Remove trollies from Deydrator, Prepare two tubs on kitchen scales, empty Red Coconut Chips evenly into each tub (weighing approx 28.5Kg each) , set aside for Eros Recipe completion
Red Coconut = 64kg	64 kg	Water	26.0	Combine below ingredients into a large blue tub and mix well with paint stirer	
Red Coconut = 64kg	64 kg	Beetroot powder	4.0	Combine below ingredients into a large blue tub and mix well with paint stirer	
Korean 300kg	300 kg	Almonds Raw	80.0	Soak the night before, (12 HOUR SOAK, drain in the morning)	Assembly: Soaking; Sauce Procedure Step 1; Blending with Paint stirer | Cooking: Sauce Procedure - STEP 2; Adding to Rice Malt | Mixing: Silver Basin ingredients; Sauce Mixture | Bucketing: Laying; Dehydrating; Bucketing | MIx the following in 20ltr bucket 0.84kg miso powder with 1.5kg water with the paint stirrer to make a miso paste (do this 4 times for each bucket) | 2. Once all ingredients are added to 20ltr buckets, Stir with paint stirer | 2. Once rice malt is boiling,  Add prepared buckets of KBBQ sauce to each pot of boiled rice malt and stir well to combine | 3. Reduce heat to 800W, Keep simmmering for 15 mins approx till rice malt is consistenly mixed through sauce | Weigh out left over dust in buckets. Split evenly into basins. | MAX HALF BUCKET OF DUST PER BATCH | Add sauce mixture to large siver basins, Mix untill all ingredients are covered in sauce | Lay mixed ingredients on dehydrating trays with a 3lt measuring jug as thin as possible, leaving a 2inch boarder around the edge | Dehydrate for 48hours at 55*C | Using a metal scoop, fill buckets (Silica on the top of bucket), place lid on tightly, write product and date on bucket lid
Korean 300kg	300 kg	Salt	0.25	Soak the night before, (12 HOUR SOAK, drain in the morning)	
Korean 300kg	300 kg	Biotics	0.25	Soak the night before, (12 HOUR SOAK, drain in the morning)	
Korean 300kg	300 kg	Walnuts Raw	80.0	Soak the night before, (12 HOUR SOAK, drain in the morning)	
Korean 300kg	300 kg	Salt	0.25	Soak the night before, (12 HOUR SOAK, drain in the morning)	
Korean 300kg	300 kg	Biotics	0.25	Soak the night before, (12 HOUR SOAK, drain in the morning)	
Korean 300kg	300 kg	Garlic powder	0.75	Add to 4 x 20Ltr  buckets the following..	
Korean 300kg	300 kg	Water	1.0	Add to 4 x 20Ltr  buckets the following..	
Korean 300kg	300 kg	MIso paste	2.34	Add to 4 x 20Ltr  buckets the following..	
Korean 300kg	300 kg	Tamari	2.4	1. Blend well with paint stirer, then add the following ingredients to each bucket	
Korean 300kg	300 kg	Gochugaru	4.0	1. Blend well with paint stirer, then add the following ingredients to each bucket	
Korean 300kg	300 kg	Hot Water	10.0	1. Blend well with paint stirer, then add the following ingredients to each bucket	
Korean 300kg	300 kg	Rice Malt	6.5	1. Heat the following in 4 large pots on 3000W  approx 10-12 mins, (untill bubbling for 10 secs)	
Korean 300kg	300 kg	Soaked Walnuts	SPLIT	In 4 large silver basins, split the soaked almonds and walnuts equally and add the following	
Korean 300kg	300 kg	Soaked Almonds	SPLIT	In 4 large silver basins, split the soaked almonds and walnuts equally and add the following	
Korean 300kg	300 kg	Sesame Seed	5.0	In 4 large silver basins, split the soaked almonds and walnuts equally and add the following	
Korean 300kg	300 kg	Act. Lentils	12.7	In 4 large silver basins, split the soaked almonds and walnuts equally and add the following	
Maple cinnamon B GRADE=150kg	150 kg	Walnuts Raw	80.0	Soak the night before, (12 HOUR SOAK, open tap in the morning)	Assembly: Soaking; Sauce Procedure Step 1 | Cooking: Sauce Procedure Step 2; Blending with paint stirer | Mixing: Silver Basin ingredients; Sauce Mixture | Bucketing: Laying; Dehydrating; Bucketing | This recipe is one batch , it will be split into 5 basins | Whisk added ingredients with paddle untill well combined then remove from heat | In 5 large silver basins, split the following ingredients into each basin equally using a 20L bucket | 1. Weigh out left over dust in buckets. Split evenly into basins. | (MAX HALF BUCKET OF DUST PER BASIN) | 2. Add sauce mixture to each large siver basin, Mix untill all nuts are covered in sauce | Lay mixed ingredients on dehydrating trays with a 3lt measuring jug as thin as possible, leaving a 2inch boarder around the edge. Each basin will occupy approximatley 44 trays | Dehydrate for 48hours at 55*C | Using a metal scoop, fill buckets (Silica on the top of bucket), place lid on tightly, write product and date on bucket lid
Maple cinnamon B GRADE=150kg	150 kg	Salt	0.375	Soak the night before, (12 HOUR SOAK, open tap in the morning)	
Maple cinnamon B GRADE=150kg	150 kg	apple cider vinegar	0.0625	Soak the night before, (12 HOUR SOAK, open tap in the morning)	
Maple cinnamon B GRADE=150kg	150 kg	Almonds B Raw	33.0	Soak the morning of, (6 HOUR SOAK)	
Maple cinnamon B GRADE=150kg	150 kg	Salt	0.375	Soak the morning of, (6 HOUR SOAK)	
Maple cinnamon B GRADE=150kg	150 kg	apple cider vinegar	0.0625	Soak the morning of, (6 HOUR SOAK)	
Maple cinnamon B GRADE=150kg	150 kg	Nut butter	5.0	Blend the following in robotcoupe (blender)	
Maple cinnamon B GRADE=150kg	150 kg	Maple Syrup	5.0	In 5 large pots, cook the following at 3000 for 20minutes  till it bubbles	
Maple cinnamon B GRADE=150kg	150 kg	Tapioca	0.025	While maple is simmering, add the following ingredients to each pot then reduce to 400W for 10 mins	
Maple cinnamon B GRADE=150kg	150 kg	Nut Butter	1.0	While maple is simmering, add the following ingredients to each pot then reduce to 400W for 10 mins	
Maple cinnamon B GRADE=150kg	150 kg	Vanilla Essence	0.005	While maple is simmering, add the following ingredients to each pot then reduce to 400W for 10 mins	
Maple cinnamon B GRADE=150kg	150 kg	Salt	0.05	While maple is simmering, add the following ingredients to each pot then reduce to 400W for 10 mins	
Maple cinnamon B GRADE=150kg	150 kg	Cinnamon	0.5	While maple is simmering, add the following ingredients to each pot then reduce to 400W for 10 mins	
Maple cinnamon B GRADE=150kg	150 kg	Soaked Almonds B	SPLIT	While maple is simmering, add the following ingredients to each pot then reduce to 400W for 10 mins	
Maple cinnamon B GRADE=150kg	150 kg	Soaked Walnuts	SPLIT	While maple is simmering, add the following ingredients to each pot then reduce to 400W for 10 mins	
Choc Rasp Cookies		GF Flour	1550.0		Step 1: Combine all Dry ingredients | Step 2: Separately combine all Wet ingredients - don't heat honey just stir throught melted coco oil | Step 3: Use food processor to chop Pecans into rough pieces (not too small) | Step 4: Separatey combine chopped pecans with the remaining Add-ins | Step 5: Add the dry mix to the food processor, quick blitz to ensure fully mixed | Step 6: Add the wet mix & blend to form a dough | Step 7: Add the mix of add-ins a little at a time & blend slowly to fully combine - may have to finish mixing by hand | Step 8: Transfer dough to a container and chill (in coolroom) - 30 mins+ | Step 9: Roll out dough into walnut-size balls & evenly space 30 on each oven tray, then press lightly down to flatten into even circles | Step 10: Bake at 160' for 18-19 mins | Step 11: Leave to cool then jar straight away; 3 in each short jar | Step 12: GF FLOUR | Step 13: Sorghum flour | Step 14: Tapioca flour | Step 15: Brown Rice | Step 16: Buckwheat
Choc Rasp Cookies		Cacao powder	270.0		
Choc Rasp Cookies		Bicarb	12.0		
Choc Rasp Cookies		Salt	12.0		
Choc Rasp Cookies		Wattleseed	54.0		
Choc Rasp Cookies		Maca	33.0		
Choc Rasp Cookies		Vanilla	12.0		
Choc Rasp Cookies		Cinnamon	27.0		
Choc Rasp Cookies		Pomegranate pwdr	35.0		
Choc Rasp Cookies		Honey	1500.0		
Choc Rasp Cookies		Coconut oil	700.0		
Choc Rasp Cookies		Pecans	550.0		
Choc Rasp Cookies		Dried Raspberries	600.0		
Choc Rasp Cookies		Cacao nibs	300.0		
Choc Rasp Cookies		Pepitas ACTV	300.0		
Choc Rasp Cookies 5kg	5 kg	Pecan Intermediate	0.45	Blitz the following ingredients in the LARGE food processor until "just broken up".                                         PRESS ON FOR 2 SECONDS ONLY	baking | Set aside in a large jug. | TURN OFF BURNER AFTER THIS PROCESS | Add the warn Honey and Coconut oil to the dry ingredients in the LARGE food processor, close lid and blend until well combined, roughly 3 minutes | Once dough is made, transfer to a blue tub and leave in cool room for 30 minutes | Roll out dough into WALNUT sized balls and evenly space 30 on each oven tray, then press lightly to down to flatten into even circles | Bake at 160* in the oven for 18-19 minutes | Leave to cool on baking trays | Once cooled, place 3 cookies into cookie jar with colour paper.
Choc Rasp Cookies 5kg	5 kg	Dried Raspberries	0.5	Blitz the following ingredients in the LARGE food processor until "just broken up".                                         PRESS ON FOR 2 SECONDS ONLY	
Choc Rasp Cookies 5kg	5 kg	GF Flour	1.3	Combine below ingredients together in the LARGE food processor, blend untill combined (dry ingredients)	
Choc Rasp Cookies 5kg	5 kg	Cacao powder	0.25	Combine below ingredients together in the LARGE food processor, blend untill combined (dry ingredients)	
Choc Rasp Cookies 5kg	5 kg	Bicarb	0.01	Combine below ingredients together in the LARGE food processor, blend untill combined (dry ingredients)	
Choc Rasp Cookies 5kg	5 kg	Salt	0.01	Combine below ingredients together in the LARGE food processor, blend untill combined (dry ingredients)	
Choc Rasp Cookies 5kg	5 kg	Wattleseed	0.04	Combine below ingredients together in the LARGE food processor, blend untill combined (dry ingredients)	
Choc Rasp Cookies 5kg	5 kg	Maca	0.025	Combine below ingredients together in the LARGE food processor, blend untill combined (dry ingredients)	
Choc Rasp Cookies 5kg	5 kg	Vanilla	0.01	Combine below ingredients together in the LARGE food processor, blend untill combined (dry ingredients)	
Choc Rasp Cookies 5kg	5 kg	Cinnamon	0.025	Combine below ingredients together in the LARGE food processor, blend untill combined (dry ingredients)	
Choc Rasp Cookies 5kg	5 kg	Coconut OIl	0.6	Heat Coconut oil in 1 pot for 4 minutes on 500	
Choc Rasp Cookies 5kg	5 kg	Honey	1.25	Once heated, add Honey and stir continuesly until well combined.	
Choc Rasp Cookies 5kg	5 kg	Cacao Nibs	0.25	Add the following ingredients to well combined dough and blend for 3 minutes until it makes a thick dough	
Choc Rasp Cookies 5kg	5 kg	Pepita Intermediate	0.25	Add the following ingredients to well combined dough and blend for 3 minutes until it makes a thick dough	
Choc Rasp Cookies 5kg	5 kg	Broken Pecan and Raspberry blend	all of it	Add the following ingredients to well combined dough and blend for 3 minutes until it makes a thick dough	
MAPLE 300KG	300 kg	Walnuts Raw	160.0	Soak the night before, (12 HOUR SOAK, open tap in the morning)	Assembly: Soaking; Sauce Procedure Step 1 | Cooking: Sauce Procedure Step 2; Blending with paint stirer | Mixing: Silver Basin ingredients; Sauce Mixture | Bucketing: Laying; Dehydrating; Bucketing | This recipe is one batch , it will be split into 5 basins | Whisk added ingredients with paddle untill well combined then remove from heat | In 5 large silver basins, split the following ingredients into each basin equally using a 20L bucket | 1. Weigh out left over dust in buckets. Split evenly into basins. | (MAX HALF BUCKET OF DUST PER BASIN) | 2. Add sauce mixture to each large siver basin, Mix untill all nuts are covered in sauce | Lay mixed ingredients on dehydrating trays with a 3lt measuring jug as thin as possible, leaving a 2inch boarder around the edge. Each basin will occupy approximatley 44 trays | Dehydrate for 48hours at 55*C | Using a metal scoop, fill buckets (Silica on the top of bucket), place lid on tightly, write product and date on bucket lid
MAPLE 300KG	300 kg	Salt	0.75	Soak the night before, (12 HOUR SOAK, open tap in the morning)	
MAPLE 300KG	300 kg	apple cider vinegar	0.125	Soak the night before, (12 HOUR SOAK, open tap in the morning)	
MAPLE 300KG	300 kg	Pecans Raw	66.0	Soak the morning of, (6 HOUR SOAK)	
MAPLE 300KG	300 kg	Salt	0.75	Soak the morning of, (6 HOUR SOAK)	
MAPLE 300KG	300 kg	apple cider vinegar	0.125	Soak the morning of, (6 HOUR SOAK)	
MAPLE 300KG	300 kg	Nut butter	10.0	Blend the following in robotcoupe (blender)	
MAPLE 300KG	300 kg	Maple Syrup	10.0	In 5 large pots, cook the following at 3000 for 20minutes  till it bubbles	
MAPLE 300KG	300 kg	Tapioca	0.05	While maple is simmering, add the following ingredients to each pot then reduce to 400W for 10 mins	
MAPLE 300KG	300 kg	Nut Butter	2.0	While maple is simmering, add the following ingredients to each pot then reduce to 400W for 10 mins	
MAPLE 300KG	300 kg	Vanilla Essence	0.01	While maple is simmering, add the following ingredients to each pot then reduce to 400W for 10 mins	
MAPLE 300KG	300 kg	Salt	0.1	While maple is simmering, add the following ingredients to each pot then reduce to 400W for 10 mins	
MAPLE 300KG	300 kg	Cinnamon	1.0	While maple is simmering, add the following ingredients to each pot then reduce to 400W for 10 mins	
MAPLE 300KG	300 kg	Soaked Pecans	SPLIT	While maple is simmering, add the following ingredients to each pot then reduce to 400W for 10 mins	
MAPLE 300KG	300 kg	Soaked Walnuts	SPLIT	While maple is simmering, add the following ingredients to each pot then reduce to 400W for 10 mins	
Teriyaki Recipe = 400kg	400 kg	Almonds Raw	100.0	Soak the night before, (12 HOUR SOAK, open tap in the morning)	Assembly: Soaking; Sauce Procedure - STEP 1 | Cooking: Sauce Procedure - STEP 2; Blending with Paint stirer; Adding to Rice Malt; Dehydrating step | Mixing: Silver Basin ingredients; Sauce Mixture | Bucketing: Bucketing | Sauce Procedure - STEP 1 (5 x 20Lt buckets) | 1. Add to 5 x 20Ltr buckets the following..mix with Paint stirer until well combined | 1. Once rice malt has boiled for 15 secs, add one bucket of sauce to each pot and continue to boil  for an additional | 3. Once both rice malt/ sauce mixture is boiling , add the blended mixtures to each boiling sauce . | 4. Once blended ingredients are added reduce heat to 400w and stir through for approx 2 minutes, then turn off heat. | 2. Weigh out left over dust in buckets. Split evenly with batches. | (MAX HALF BUCKET OF DUST PER BATCH) | 4. Add sauce mixture to each basin, Mix untill all ingredients are covered in sauce | 1. Lay mixed ingredients on dehydrating trays with a 3lt measuring jug as thin as possible, leaving a 2inch boarder around the edge | Dehydrate for 48 hours at 55*C | Using a metal scoop, fill buckets (Silica on the top of bucket), place lid on tightly, write product and date on bucket lid
Teriyaki Recipe = 400kg	400 kg	Salt	0.025	Soak the night before, (12 HOUR SOAK, open tap in the morning)	
Teriyaki Recipe = 400kg	400 kg	Apple cider vinegar	0.025	Soak the night before, (12 HOUR SOAK, open tap in the morning)	
Teriyaki Recipe = 400kg	400 kg	Walnuts Raw	100.0	Soak the night before, (12 HOUR SOAK, open tap in the morning)	
Teriyaki Recipe = 400kg	400 kg	Salt	0.025	Soak the night before, (12 HOUR SOAK, open tap in the morning)	
Teriyaki Recipe = 400kg	400 kg	Apple cider vinegar	0.025	Soak the night before, (12 HOUR SOAK, open tap in the morning)	
Teriyaki Recipe = 400kg	400 kg	Sesame Oil	1.6	Repeat this process 5 times total	
Teriyaki Recipe = 400kg	400 kg	Tamari - Salt Reduced	8.0	Repeat this process 5 times total	
Teriyaki Recipe = 400kg	400 kg	Ginger powder	0.2	Repeat this process 5 times total	
Teriyaki Recipe = 400kg	400 kg	Garlic powder	0.2	Repeat this process 5 times total	
Teriyaki Recipe = 400kg	400 kg	Rice malt	6.0	Heat in 5 large pots for 10-11 mins at 3000w (till boiling for 15 secs)	
Teriyaki Recipe = 400kg	400 kg	Tamari	1.0	2. Add below ingredients to blender and blend well. Repeat for each pot of sauce ( 5 times total)	
Teriyaki Recipe = 400kg	400 kg	Tapicoa Starch	0.5	2. Add below ingredients to blender and blend well. Repeat for each pot of sauce ( 5 times total)	
Teriyaki Recipe = 400kg	400 kg	Soaked Walnuts	Split into 5	1. In 5 large silver basins, split soaked nuts using 20L bucket and ADD the following ingredients	
Teriyaki Recipe = 400kg	400 kg	Soaked Almonds	Split into 5	1. In 5 large silver basins, split soaked nuts using 20L bucket and ADD the following ingredients	
Teriyaki Recipe = 400kg	400 kg	Sesame Seed	3.0	1. In 5 large silver basins, split soaked nuts using 20L bucket and ADD the following ingredients	
Teriyaki Recipe = 400kg	400 kg	Act. Lentils	10.0	1. In 5 large silver basins, split soaked nuts using 20L bucket and ADD the following ingredients	
Teriyaki Recipe = 400kg	400 kg	Almonds Raw	100.0	Soak the night before, (12 HOUR SOAK, open tap in the morning)	Assembly: Soaking; Sauce Procedure - STEP 1 | Cooking: Sauce Procedure - STEP 2; Blending with Paint stirer; Adding to Rice Malt; Dehydrating step | Mixing: Silver Basin ingredients; Sauce Mixture | Bucketing: Bucketing | Sauce Procedure - STEP 1 (5 x 20Lt buckets) | 1. Add to 5 x 20Ltr buckets the following..mix with Paint stirer until well combined | 1. Once rice malt has boiled for 15 secs, add one bucket of sauce to each pot and continue to boil  for an additional | 3. Once both rice malt/ sauce mixture is boiling , add the blended mixtures to each boiling sauce . | 4. Once blended ingredients are added reduce heat to 400w and stir through for approx 2 minutes, then turn off heat. | 2. Weigh out left over dust in buckets. Split evenly with batches. | (MAX HALF BUCKET OF DUST PER BATCH) | 4. Add sauce mixture to each basin, Mix untill all ingredients are covered in sauce | 1. Lay mixed ingredients on dehydrating trays with a 3lt measuring jug as thin as possible, leaving a 2inch boarder around the edge | Dehydrate for 48 hours at 55*C | Using a metal scoop, fill buckets (Silica on the top of bucket), place lid on tightly, write product and date on bucket lid
Teriyaki Recipe = 400kg	400 kg	Salt	0.025	Soak the night before, (12 HOUR SOAK, open tap in the morning)	
Teriyaki Recipe = 400kg	400 kg	Apple cider vinegar	0.025	Soak the night before, (12 HOUR SOAK, open tap in the morning)	
Teriyaki Recipe = 400kg	400 kg	Walnuts Raw	100.0	Soak the night before, (12 HOUR SOAK, open tap in the morning)	
Teriyaki Recipe = 400kg	400 kg	Salt	0.025	Soak the night before, (12 HOUR SOAK, open tap in the morning)	
Teriyaki Recipe = 400kg	400 kg	Apple cider vinegar	0.025	Soak the night before, (12 HOUR SOAK, open tap in the morning)	
Teriyaki Recipe = 400kg	400 kg	Sesame Oil	1.6	Repeat this process 5 times total	
Teriyaki Recipe = 400kg	400 kg	Tamari - Salt Reduced	8.0	Repeat this process 5 times total	
Teriyaki Recipe = 400kg	400 kg	Ginger powder	0.2	Repeat this process 5 times total	
Teriyaki Recipe = 400kg	400 kg	Garlic powder	0.2	Repeat this process 5 times total	
Teriyaki Recipe = 400kg	400 kg	Rice malt	6.0	Heat in 5 large pots for 10-11 mins at 3000w (till boiling for 15 secs)	
Teriyaki Recipe = 400kg	400 kg	Tamari	1.0	2. Add below ingredients to blender and blend well. Repeat for each pot of sauce ( 5 times total)	
Teriyaki Recipe = 400kg	400 kg	Tapicoa Starch	0.5	2. Add below ingredients to blender and blend well. Repeat for each pot of sauce ( 5 times total)	
Teriyaki Recipe = 400kg	400 kg	Soaked Walnuts	Split into 5	1. In 5 large silver basins, split soaked nuts using 20L bucket and ADD the following ingredients	
Teriyaki Recipe = 400kg	400 kg	Soaked Almonds	Split into 5	1. In 5 large silver basins, split soaked nuts using 20L bucket and ADD the following ingredients	
Teriyaki Recipe = 400kg	400 kg	Sesame Seed	3.0	1. In 5 large silver basins, split soaked nuts using 20L bucket and ADD the following ingredients	
Teriyaki Recipe = 400kg	400 kg	Act. Lentils	10.0	1. In 5 large silver basins, split soaked nuts using 20L bucket and ADD the following ingredients	
Teriyaki Recipe = 400kg	400 kg	Blended Wakame	0.1	1. In 5 large silver basins, split soaked nuts using 20L bucket and ADD the following ingredients	
Chocolate Cluster = 300kg	300 kg	Walnuts	40.0	Soak the following ingredient night before	Assembly: coconut chip procedure; soaking | Mixing: Silver basin; Colloid Mill procedure | Cooking: Laying Step 1; Laying Step 2; Cooking in oven | Bucketing: Bucketing in 20lr buckets | Soak the following ingredients in a soaking basin 6 hours prior to mixing | 1. Wash and rinse all ingredients several times throughout soaking. | 2. Once ingredients have soaked for 6 hours, drain water and rinse again with water while draining. | 1. Mix ingredients with paint stirer before pouring through Colloid Mill. | 2. Once ingredients are mixed well, place a blue tub and scale under tap of colloid mill , then pour ingredients through Colloid Mill into blue tubs ( 41.05kg each tub) | Mix all ingredients until well covered | ( add 3kg now and 3kg after sauce is added) | 1. Divide all soaked ingredients between the 4 basins after drained. | 2. Weigh out left over dust in buckets. Split evenly with basins. | (MAX HALF BUCKET OF DUST PER BATCH) | 3. Mix all soaked and dry ingredients within each basin | 4. Add 1 blue tub of sauce to each basin ( 41.05kg) | 5. Mix each basin thoroughly and add remaining 3 kg puff sorghum | Using a 3Lt scoop, lay product on dehydrating trays and dehydrate on 55C for 48hours | Once product is cooked, use a paint scraper to scrape product into a black tub that is placed onto a kitchen scale, | After this is completed, using the silver scoop with handle, bucket the clusters into 20ltr buckets placing silica ontop of product | Date the lid and put away in designated area of warehouse
Chocolate Cluster = 300kg	300 kg	Buckwheat Kernals	30.0	Soak the following ingredient night before	
Chocolate Cluster = 300kg	300 kg	Pepitas	6.0	Soak the following ingredient night before	
Chocolate Cluster = 300kg	300 kg	Pecans	6.0	Soak the following ingredient night before	
Chocolate Cluster = 300kg	300 kg	Warm water	60.0	Add the following to 1 large silver basin and mix with paint stirer	
Chocolate Cluster = 300kg	300 kg	Coconut Milk Powder	20.0	Add the following to 1 large silver basin and mix with paint stirer	
Chocolate Cluster = 300kg	300 kg	Maple Syrup	50.0	Add the following to 1 large silver basin and mix with paint stirer	
Chocolate Cluster = 300kg	300 kg	Vanilla	0.4	Add the following to 1 large silver basin and mix with paint stirer	
Chocolate Cluster = 300kg	300 kg	Nut Butter	24.0	Add the following to 1 large silver basin and mix with paint stirer	
Chocolate Cluster = 300kg	300 kg	Cinnamon Powder	0.8	Add the following to 1 large silver basin and mix with paint stirer	
Chocolate Cluster = 300kg	300 kg	Ginger Powder	1.0	Add the following to 1 large silver basin and mix with paint stirer	
Chocolate Cluster = 300kg	300 kg	Cacao Powder	3.6	Add the following to 1 large silver basin and mix with paint stirer	
Chocolate Cluster = 300kg	300 kg	Nutmeg	0.1	Add the following to 1 large silver basin and mix with paint stirer	
Chocolate Cluster = 300kg	300 kg	Cooking Salt	0.3	Add the following to 1 large silver basin and mix with paint stirer	
Chocolate Cluster = 300kg	300 kg	Cacao Paste	4.0	Add the following to 1 large silver basin and mix with paint stirer	
Chocolate Cluster = 300kg	300 kg	Sorghum Puffs	6.0	In 4 large silver basins, ADD the following ingredients	
Chocolate Cluster = 300kg	300 kg	Oats	3.0	In 4 large silver basins, ADD the following ingredients	
Chocolate Cluster = 300kg	300 kg	Rasperries	2.0	In 4 large silver basins, ADD the following ingredients	
Chocolate Cluster = 300kg	300 kg	Diced Dates	4.0	In 4 large silver basins, ADD the following ingredients	
Chocolate Cluster = 300kg	300 kg	Cherries	4.0	In 4 large silver basins, ADD the following ingredients	
Chocolate Cluster = 300kg	300 kg	Cacao Nibs	1.2	In 4 large silver basins, ADD the following ingredients	
Chocolate Cluster = 300kg	300 kg	Int. ICCC	12.0	In 4 large silver basins, ADD the following ingredients	
Chocolate cluster coconut = 60kg	60 kg	Davidson Plum	20.0	Blend the following ingredient in food processor till a pulp	DEFROST PLUMS NIGHT BEFORE IN COOLROOM | Lay on dehydtrating trays with a 3ltr scoop  and dehydrate on 65C for 24hours
Chocolate cluster coconut = 60kg	60 kg	Blended Davidson Plum	20.0	Mix with Paint stirer the following ingredients in a blue tubs	
Chocolate cluster coconut = 60kg	60 kg	Beetroot Powder	2.0	Mix with Paint stirer the following ingredients in a blue tubs	
Chocolate cluster coconut = 60kg	60 kg	Water	14.0	Mix with Paint stirer the following ingredients in a blue tubs	
Chocolate cluster coconut = 60kg	60 kg	Coconut Chips	40.0	Mix this product with following ingredient until all covered.	
Caramel Cluster Recipe = 320kg	320 kg	Walnuts	40.0	Soak overnight the following ingredient	Assembly: Cold brew coffee Procedure; Soaking Nuts | Mixing: Silver basin Ingredients; colloid mill procedure; Paints stirer | Cooking: Laying; Cooking in oven | Bucketing: Bucketing in 20ltr buckets | 1. Day prior to assembly, soak 1kg ground coffee in 60kg water to make cold brew coffee. | Soak 7hrs prior to assembly: | Wash and rinse soaked ingredients several times throughout soaking process | Once ingredients have been soaked for 5 hours, drain water and rinse again with water while draining. | 1. Once ingredients are mixed well, place a blue tub and scale under tap of colloid mill, then pour ingredients through Colloid Mill into 4 blue tubs, each portion of sauce weighing approx 39.3kg each | 1. Divide all soaked ingredients between the 4 basins | 2. Weigh out left over dust in buckets. Split evenly with batches. | (MAX HALF BUCKET OF DUST PER BATCH) | 3.  Mix all soaked and dry ingredients within each basin | 4. Pour 1 blue tub of sauce ( 39.3kg) into each basin and mix again thoroughly | Using a 3Lt scoop, lay product on dehydrating trays and dehydrate on 55C for 48hours | Once product is dehydrated, use a paint scraper to scrape product into a black tub that is placed onto a kitchen scale, | After this is completed, using the silver scoop with handle, bucket the clusters into 20ltr buckets placing silica ontop of product | Date the lid and put away in designated area of warehouse
Caramel Cluster Recipe = 320kg	320 kg	Buckwheat	28.0	Soak overnight the following ingredient	
Caramel Cluster Recipe = 320kg	320 kg	Pepitas	4.0	Soak overnight the following ingredient	
Caramel Cluster Recipe = 320kg	320 kg	Cold brew coffee	61.0	Add to large silver basin and mix with paint stirer	
Caramel Cluster Recipe = 320kg	320 kg	Tamari	0.4	Add to large silver basin and mix with paint stirer	
Caramel Cluster Recipe = 320kg	320 kg	Maple Syrup	48.0	Add to large silver basin and mix with paint stirer	
Caramel Cluster Recipe = 320kg	320 kg	Coconut milk powder	16.0	Add to large silver basin and mix with paint stirer	
Caramel Cluster Recipe = 320kg	320 kg	Nut Butter	24.0	Add to large silver basin and mix with paint stirer	
Caramel Cluster Recipe = 320kg	320 kg	Clove whole	0.02	Add to large silver basin and mix with paint stirer	
Caramel Cluster Recipe = 320kg	320 kg	Wattleseed	1.0	Add to large silver basin and mix with paint stirer	
Caramel Cluster Recipe = 320kg	320 kg	Cinnamon Powder	2.0	Add to large silver basin and mix with paint stirer	
Caramel Cluster Recipe = 320kg	320 kg	Ginger Powder	2.0	Add to large silver basin and mix with paint stirer	
Caramel Cluster Recipe = 320kg	320 kg	Cacao Powder	2.0	Add to large silver basin and mix with paint stirer	
Caramel Cluster Recipe = 320kg	320 kg	Maca Powder	0.4	Add to large silver basin and mix with paint stirer	
Caramel Cluster Recipe = 320kg	320 kg	Mesquite Powder	0.4	Add to large silver basin and mix with paint stirer	
Caramel Cluster Recipe = 320kg	320 kg	Sorghum Puffs	5.0	In 4 large silver basins, ADD the following ingredients to each basin	
Caramel Cluster Recipe = 320kg	320 kg	Coconut Chips	3.0	In 4 large silver basins, ADD the following ingredients to each basin	
Caramel Cluster Recipe = 320kg	320 kg	Sesame seeds	2.0	In 4 large silver basins, ADD the following ingredients to each basin	
Caramel Cluster Recipe = 320kg	320 kg	Activated Hazelnuts	5.0	In 4 large silver basins, ADD the following ingredients to each basin	
Caramel Cluster Recipe = 320kg	320 kg	Oats	2.5	In 4 large silver basins, ADD the following ingredients to each basin	
Caramel Cluster Recipe = 320kg	320 kg	Diced Dates	5.0	In 4 large silver basins, ADD the following ingredients to each basin	
Seed Mix = 60kg	60 kg	Activated Sunflower seeds	21.0	In a silver basin add the following	Weighing: Dry Ingredients | Mixing: In blue tub | Bucketing: Bucket into 20ltr buckets | Mix all of the ingredients well | Bucket seed mix into 20ltr tubs until full | Place lid on buckets and date the lid with date of manufacturing
Seed Mix = 60kg	60 kg	Linseed Organic	6.0	In a silver basin add the following	
Seed Mix = 60kg	60 kg	Chia seeds	6.0	In a silver basin add the following	
Seed Mix = 60kg	60 kg	Activated Pepitas	21.0	In a silver basin add the following	
Seed Mix = 60kg	60 kg	Sesame seeds	6.0	In a silver basin add the following	
DMTea = 20kg	20 kg	Ginko Leaf Organic	1.0	In 1 big silver basin, weigh the following ingredients	Weighing: Dry Ingredients | Mixing: In silver basin | Bucketing: Bucket into 20ltr buckets | PROCESS WHOLE STAR ANISE (IN FOOD PROCESSOR) INTO PIECES BEFORE ADDING TO BASIN | ****Make sure to put on a face mask as the mixing process is very dusty and can be sensitive to your lungs**** | Mix all dry ingredients with hands (wearing green gloves) untill all product is mixed well and even. | Once all ingredients are mixed well, fill 20ltr white buckets and place lid ontop | Date the lid with the date of manufacturing
DMTea = 20kg	20 kg	Ginseng	0.25	In 1 big silver basin, weigh the following ingredients	
DMTea = 20kg	20 kg	Bacopa/Brahmi	1.0	In 1 big silver basin, weigh the following ingredients	
DMTea = 20kg	20 kg	Lemon Balm	1.0	In 1 big silver basin, weigh the following ingredients	
DMTea = 20kg	20 kg	Ginger Root Cut	2.5	In 1 big silver basin, weigh the following ingredients	
DMTea = 20kg	20 kg	Rhodiola Root	1.0	In 1 big silver basin, weigh the following ingredients	
DMTea = 20kg	20 kg	Rosemary	0.75	In 1 big silver basin, weigh the following ingredients	
DMTea = 20kg	20 kg	Gotu kola	1.0	In 1 big silver basin, weigh the following ingredients	
DMTea = 20kg	20 kg	Hibiscus	2.0	In 1 big silver basin, weigh the following ingredients	
DMTea = 20kg	20 kg	Star Anise	2.0	In 1 big silver basin, weigh the following ingredients	
DMTea = 20kg	20 kg	Orange Peel	1.0	In 1 big silver basin, weigh the following ingredients	
DMTea = 20kg	20 kg	Cinnamon chips	3.5	In 1 big silver basin, weigh the following ingredients	
DMTea = 20kg	20 kg	Jasmine Bud	0.5	In 1 big silver basin, weigh the following ingredients	
DMTea = 20kg	20 kg	Rooibos	2.5	In 1 big silver basin, weigh the following ingredients	
DMTea = 30kg	30 kg	Ginko Leaf Organic	1.5	In a silver basin, add below ingredients and then mix WELL	Weighing: Dry Ingredients | Mixing: In silver basin | Bucketing: red or blue tubs | 1x silver basin for each batch of 30kg | ****Make sure to put on a face mask as the mixing process is very dusty and can be sensitive to your lungs**** | Mix all dry ingredients with hands (wearing green gloves) untill all product is mixed well and even. | Date the lid on tub with the date of manufacturing | Once all ingredients are mixed well, complete assembly in LB warehouse for packaging to TX
DMTea = 30kg	30 kg	Ginseng	0.6	In a silver basin, add below ingredients and then mix WELL	
DMTea = 30kg	30 kg	Bacopa/Brahmi	1.5	In a silver basin, add below ingredients and then mix WELL	
DMTea = 30kg	30 kg	Lemon Balm	1.5	In a silver basin, add below ingredients and then mix WELL	
DMTea = 30kg	30 kg	Ginger Root Cut	3.0	In a silver basin, add below ingredients and then mix WELL	
DMTea = 30kg	30 kg	Rosemary	1.5	In a silver basin, add below ingredients and then mix WELL	
DMTea = 30kg	30 kg	Gotu kola	1.5	In a silver basin, add below ingredients and then mix WELL	
DMTea = 30kg	30 kg	Hibiscus	3.0	In a silver basin, add below ingredients and then mix WELL	
DMTea = 30kg	30 kg	Orange Peel	1.5	In a silver basin, add below ingredients and then mix WELL	
DMTea = 30kg	30 kg	Cinnamon chips	4.5	In a silver basin, add below ingredients and then mix WELL	
DMTea = 30kg	30 kg	Jasmine Bud	0.9	In a silver basin, add below ingredients and then mix WELL	
DMTea = 30kg	30 kg	Rooibos	6.0	In a silver basin, add below ingredients and then mix WELL	
DMTea = 30kg	30 kg	Star Anise	3.0	In a silver basin, add below ingredients and then mix WELL	
Chillax = 60kg	60 kg	Passion Flower	3.0	In the large auger basin, add below ingredients and then mix WELL	Weighing: Dry Ingredients | Mixing: In silver basin | Bucketing: Bucket into 20ltr buckets | ****Make sure to put on a face mask as the mixing process is very dusty and can be sensitive to your lungs**** | Mix all dry ingredients with hands (wearing green gloves) untill all product is mixed well and even. | Date the lid on tub with the date of manufacturing | Once all ingredients are mixed well, complete assembly in LB warehouse for packaging to TX
Chillax = 60kg	60 kg	Scullcap	1.5	In the large auger basin, add below ingredients and then mix WELL	
Chillax = 60kg	60 kg	Lavender Flower	6.0	In the large auger basin, add below ingredients and then mix WELL	
Chillax = 60kg	60 kg	Lemon Balm	6.0	In the large auger basin, add below ingredients and then mix WELL	
Chillax = 60kg	60 kg	Jasmine Bud	4.5	In the large auger basin, add below ingredients and then mix WELL	
Chillax = 60kg	60 kg	Chamomille	18.0	In the large auger basin, add below ingredients and then mix WELL	
Chillax = 60kg	60 kg	Valerian	1.5	In the large auger basin, add below ingredients and then mix WELL	
Chillax = 60kg	60 kg	Rose Petal	6.0	In the large auger basin, add below ingredients and then mix WELL	
Chillax = 60kg	60 kg	Ashwagandha root	7.5	In the large auger basin, add below ingredients and then mix WELL	
Chillax = 60kg	60 kg	Spearmint	3.0	In the large auger basin, add below ingredients and then mix WELL	
Chillax = 60kg	60 kg	Licorice Root	3.0	In the large auger basin, add below ingredients and then mix WELL	
Chillax = 30kg	30 kg	Passion Flower	1.5	In a silver basin, add below ingredients and then mix WELL	Weighing: Dry Ingredients | Mixing: In silver basin | Bucketing: red or blue tubs | 1x silver basin for each batch of 30kg | ****Make sure to put on a face mask as the mixing process is very dusty and can be sensitive to your lungs**** | Mix all dry ingredients with hands (wearing green gloves) untill all product is mixed well and even. | Date the lid on tub with the date of manufacturing | Once all ingredients are mixed well, complete assembly in LB warehouse for packaging to TX
Chillax = 30kg	30 kg	Scullcap	0.75	In a silver basin, add below ingredients and then mix WELL	
Chillax = 30kg	30 kg	Lavender Flower	3.0	In a silver basin, add below ingredients and then mix WELL	
Chillax = 30kg	30 kg	Lemon Balm	3.0	In a silver basin, add below ingredients and then mix WELL	
Chillax = 30kg	30 kg	Jasmine Bud	2.25	In a silver basin, add below ingredients and then mix WELL	
Chillax = 30kg	30 kg	Chamomille	9.0	In a silver basin, add below ingredients and then mix WELL	
Chillax = 30kg	30 kg	Valerian	0.75	In a silver basin, add below ingredients and then mix WELL	
Chillax = 30kg	30 kg	Rose Petal	3.0	In a silver basin, add below ingredients and then mix WELL	
Chillax = 30kg	30 kg	Ashwagandha root	3.75	In a silver basin, add below ingredients and then mix WELL	
Chillax = 30kg	30 kg	Spearmint	1.5	In a silver basin, add below ingredients and then mix WELL	
Chillax = 30kg	30 kg	Licorice Root	1.5	In a silver basin, add below ingredients and then mix WELL	
ImmuniTea 50 kg	50 kg	Juniper berries	1.5	In 2 silver basins, add the following ingredients	Weighing: Dry Ingredients | Mixing: In silver basin | Bucketing: Bucket into 20ltr buckets | ****Make sure to put on a face mask as the mixing process is very dusty and can be sensitive to your lungs**** | Mix all dry ingredients with hands (wearing green gloves) untill all product is mixed well and even. | Once all ingredients are mixed well, fill 20ltr white buckets and place lid ontop | Date the lid with the date of manufacturing
ImmuniTea 50 kg	50 kg	Reishi slices	0.4	In 2 silver basins, add the following ingredients	
ImmuniTea 50 kg	50 kg	Tulsi	4.0	In 2 silver basins, add the following ingredients	
ImmuniTea 50 kg	50 kg	Astragalus root	0.5	In 2 silver basins, add the following ingredients	
ImmuniTea 50 kg	50 kg	Elderberry	3.0	In 2 silver basins, add the following ingredients	
ImmuniTea 50 kg	50 kg	Oregano	0.2	In 2 silver basins, add the following ingredients	
ImmuniTea 50 kg	50 kg	Olive leaf	0.2	In 2 silver basins, add the following ingredients	
ImmuniTea 50 kg	50 kg	Ginger root cut	4.0	In 2 silver basins, add the following ingredients	
ImmuniTea 50 kg	50 kg	Cinnamon chips	2.0	In 2 silver basins, add the following ingredients	
ImmuniTea 50 kg	50 kg	Jasmine bud	3.0	In 2 silver basins, add the following ingredients	
ImmuniTea 50 kg	50 kg	Fennel	1.0	In 2 silver basins, add the following ingredients	
ImmuniTea 50 kg	50 kg	Peppermint	1.5	In 2 silver basins, add the following ingredients	
ImmuniTea 50 kg	50 kg	Butterfly pea flower	0.25	In 2 silver basins, add the following ingredients	
ImmuniTea 50 kg	50 kg	Dandelion leaf	1.5	In 2 silver basins, add the following ingredients	
ImmuniTea 50 kg	50 kg	Chamomile	1.5	In 2 silver basins, add the following ingredients	
ImmuniTea 50 kg	50 kg	Orange peel	0.2	In 2 silver basins, add the following ingredients	
ImmuniTea 50 kg	50 kg	Licorice root	0.5	In 2 silver basins, add the following ingredients	
ImmuniTea 50 kg	50 kg	Scullcap	0.25	In 2 silver basins, add the following ingredients	
ImmuniTea 20 kg	20 kg	Juniper berries	1.0	In a silver basin, add below ingredients and then mix WELL	Weighing: Dry Ingredients | Mixing: In silver basin | Bucketing: red or blue tubs | 1x silver basin for each batch of 20kg | BEFORE ASSEMBLING - Blend Reishi slices to small bits in the food processor (3 pulses = 3 sec per pulse) | ****Make sure to put on a face mask as the mixing process is very dusty and can be sensitive to your lungs**** | Mix all dry ingredients with hands (wearing green gloves) untill all product is mixed well and even. | Once all ingredients are mixed well, fill 20ltr white buckets and place lid ontop | Date the lid with the date of manufacturing
ImmuniTea 20 kg	20 kg	Reishi slices	0.2	In a silver basin, add below ingredients and then mix WELL	
ImmuniTea 20 kg	20 kg	Tulsi	2.5	In a silver basin, add below ingredients and then mix WELL	
ImmuniTea 20 kg	20 kg	Astragalus root	0.2	In a silver basin, add below ingredients and then mix WELL	
ImmuniTea 20 kg	20 kg	Elderberry	1.0	In a silver basin, add below ingredients and then mix WELL	
ImmuniTea 20 kg	20 kg	Oregano	0.2	In a silver basin, add below ingredients and then mix WELL	
ImmuniTea 20 kg	20 kg	Olive leaf	0.2	In a silver basin, add below ingredients and then mix WELL	
ImmuniTea 20 kg	20 kg	Ginger root cut	1.5	In a silver basin, add below ingredients and then mix WELL	
ImmuniTea 20 kg	20 kg	Cinnamon chips	1.5	In a silver basin, add below ingredients and then mix WELL	
ImmuniTea 20 kg	20 kg	Jasmine bud	2.0	In a silver basin, add below ingredients and then mix WELL	
ImmuniTea 20 kg	20 kg	Fennel	1.0	In a silver basin, add below ingredients and then mix WELL	
ImmuniTea 20 kg	20 kg	Peppermint	2.5	In a silver basin, add below ingredients and then mix WELL	
ImmuniTea 20 kg	20 kg	Butterfly pea flower	0.3	In a silver basin, add below ingredients and then mix WELL	
ImmuniTea 20 kg	20 kg	Dandelion leaf	3.0	In a silver basin, add below ingredients and then mix WELL	
ImmuniTea 20 kg	20 kg	Chamomile	2.0	In a silver basin, add below ingredients and then mix WELL	
ImmuniTea 20 kg	20 kg	Orange peel	0.2	In a silver basin, add below ingredients and then mix WELL	
ImmuniTea 20 kg	20 kg	Licorice root	0.5	In a silver basin, add below ingredients and then mix WELL	
ImmuniTea 20 kg	20 kg	Scullcap	0.2	In a silver basin, add below ingredients and then mix WELL	
Tummy Tea = 40kg	40 kg	Peppermint	5.0	In 2  big silver basin, weigh the following ingredients	Weighing: Dry Ingredients | Mixing: In silver basin | Bucketing: Bucket into 20ltr buckets | ****Make sure to put on a face mask as the mixing process is very dusty and can be sensitive to your lungs**** | Mix all dry ingredients with hands (wearing green gloves) untill all product is mixed well and even. | Once all ingredients are mixed well, fill 20ltr white buckets and place lid ontop | Date the lid with the date of manufacturing
Tummy Tea = 40kg	40 kg	Ginger Root Cut	2.5	In 2  big silver basin, weigh the following ingredients	
Tummy Tea = 40kg	40 kg	Fennel	2.5	In 2  big silver basin, weigh the following ingredients	
Tummy Tea = 40kg	40 kg	Marshmallow	2.5	In 2  big silver basin, weigh the following ingredients	
Tummy Tea = 40kg	40 kg	Barberry Bark	0.5	In 2  big silver basin, weigh the following ingredients	
Tummy Tea = 40kg	40 kg	Liquorice Root	3.5	In 2  big silver basin, weigh the following ingredients	
Tummy Tea = 40kg	40 kg	Gotu kola	0.5	In 2  big silver basin, weigh the following ingredients	
Tummy Tea = 40kg	40 kg	Cinnamon chips	2.5	In 2  big silver basin, weigh the following ingredients	
Tummy Tea = 40kg	40 kg	Cornflowers	0.5	In 2  big silver basin, weigh the following ingredients	
Tummy Tea = 30kg	30 kg	Peppermint	7.5	In a silver basin, add below ingredients and then mix WELL	Weighing: Dry Ingredients | Mixing: In silver basin | Bucketing: red or blue tubs | 1x silver basin for each batch of 30kg | ****Make sure to put on a face mask as the mixing process is very dusty and can be sensitive to your lungs**** | Mix all dry ingredients with hands (wearing green gloves) untill all product is mixed well and even. | Date the lid on tub with the date of manufacturing | Once all ingredients are mixed well, complete assembly in LB warehouse for packaging to TX
Tummy Tea = 30kg	30 kg	Ginger Root Cut	3.75	In a silver basin, add below ingredients and then mix WELL	
Tummy Tea = 30kg	30 kg	Fennel	3.75	In a silver basin, add below ingredients and then mix WELL	
Tummy Tea = 30kg	30 kg	Marshmallow	3.75	In a silver basin, add below ingredients and then mix WELL	
Tummy Tea = 30kg	30 kg	Barberry Bark	0.75	In a silver basin, add below ingredients and then mix WELL	
Tummy Tea = 30kg	30 kg	Liquorice Root	5.25	In a silver basin, add below ingredients and then mix WELL	
Tummy Tea = 30kg	30 kg	Gotu kola	0.75	In a silver basin, add below ingredients and then mix WELL	
Tummy Tea = 30kg	30 kg	Cinnamon chips	3.75	In a silver basin, add below ingredients and then mix WELL	
Tummy Tea = 30kg	30 kg	Cornflowers	0.75	In a silver basin, add below ingredients and then mix WELL	
Fire Starter = 25kg	25 kg	Oolong	10.0	In ONE big silver basin, weigh the following ingredients	Weighing: Dry Ingredients | Mixing: In silver basin | Bucketing: Bucket into 20ltr buckets | ****Make sure to put on a face mask as the mixing process is very dusty and can be sensitive to your lungs**** | Mix all dry ingredients with hands (wearing green gloves) untill all product is mixed well and even. | Once all ingredients are mixed well, fill 20ltr white buckets and place lid ontop | Date the lid with the date of manufacturing
Fire Starter = 25kg	25 kg	Rhodiola Root	2.0	In ONE big silver basin, weigh the following ingredients	
Fire Starter = 25kg	25 kg	Cinnamon chips	4.0	In ONE big silver basin, weigh the following ingredients	
Fire Starter = 25kg	25 kg	Chilli Flakes	1.5	In ONE big silver basin, weigh the following ingredients	
Fire Starter = 25kg	25 kg	Star Anise BROKEN PIECES	1.25	In ONE big silver basin, weigh the following ingredients	
Fire Starter = 25kg	25 kg	Jasmine Bud	3.0	In ONE big silver basin, weigh the following ingredients	
Fire Starter = 25kg	25 kg	Barberry Bark	1.5	In ONE big silver basin, weigh the following ingredients	
Fire Starter = 25kg	25 kg	Barberries	0.5	In ONE big silver basin, weigh the following ingredients	
Fire Starter = 25kg	25 kg	Schisandra Berries	0.5	In ONE big silver basin, weigh the following ingredients	
Fire Starter = 25kg	25 kg	Yerba Mate	1.0	In ONE big silver basin, weigh the following ingredients	
Fire Starter = 20kg	20 kg	Oolong	8.0	In ONE big silver basin, weigh the following ingredients	Weighing: Dry Ingredients | Mixing: In silver basin | Bucketing: red or blue tubs | 1x silver basin for each batch of 20kg | ****Make sure to put on a face mask as the mixing process is very dusty and can be sensitive to your lungs**** | Mix all dry ingredients with hands (wearing green gloves) untill all product is mixed well and even. | Date the lid on tub with the date of manufacturing | Once all ingredients are mixed well, complete assembly in LB warehouse for packaging to TX
Fire Starter = 20kg	20 kg	Cinnamon chips	3.5	In ONE big silver basin, weigh the following ingredients	
Fire Starter = 20kg	20 kg	Chilli Flakes	1.4	In ONE big silver basin, weigh the following ingredients	
Fire Starter = 20kg	20 kg	Jasmine Bud	2.5	In ONE big silver basin, weigh the following ingredients	
Fire Starter = 20kg	20 kg	Barberry Bark	1.3	In ONE big silver basin, weigh the following ingredients	
Fire Starter = 20kg	20 kg	Barberries	0.5	In ONE big silver basin, weigh the following ingredients	
Fire Starter = 20kg	20 kg	Schisandra Berries	0.5	In ONE big silver basin, weigh the following ingredients	
Fire Starter = 20kg	20 kg	Star Anise BROKEN PIECES	1.3	In ONE big silver basin, weigh the following ingredients	
Fire Starter = 20kg	20 kg	Yerba Mate	1.0	In ONE big silver basin, weigh the following ingredients	
Green Stardust = 10kg	10 kg	Brocccoli Sprout Powder	8.0	In a big silver basin, weigh the following ingredients	Weighing: Powders | Bucketing: Bucket into 20ltr buckets | ****Make sure to put on a face mask as the mixing process is very dusty and can be sensitive to your lungs**** | **When weighing powders, set up dust extracter machine to suck up any light dust** | Mix all dry ingredients with hands (wearing green gloves) untill all product is mixed well and even. | If there are any clumps visible, get circular sifter and sift all clumps over silver basin until no clumps are visible | Once all ingredients are mixed well, fill 20ltr white buckets and place lid ontop | Date the lid with the date of manufacturing
Green Stardust = 10kg	10 kg	lemon myrtle powder	4.0	In a big silver basin, weigh the following ingredients	
Green Stardust = 10kg	10 kg	Freeze Dried Lemon Powder	4.0	In a big silver basin, weigh the following ingredients	
Green Stardust = 10kg	10 kg	Matcha+Moringa	64.0	In a big silver basin, weigh the following ingredients	
Green Stardust = 50kg	50 kg	Brocccoli Sprout Powder	5.0	In a big silver basin, weigh the following ingredients	Weighing: Powders | Mixing: In silver basin | Bucketing: red or blue tubs | 1x silver basin for each batch of 50kg | ****Make sure to put on a face mask as the mixing process is very dusty and can be sensitive to your lungs**** | **When weighing powders, set up dust extracter machine to suck up any light dust** | Mix all dry ingredients with hands (wearing green gloves) untill all product is mixed well and even. | If there are any clumps visible, get circular sifter and sift all clumps over silver basin until no clumps are visible | Date the lid on tub with the date of manufacturing | Once all ingredients are mixed well, complete assembly in LB warehouse for packaging to TX
Green Stardust = 50kg	50 kg	lemon myrtle powder	2.5	In a big silver basin, weigh the following ingredients	
Green Stardust = 50kg	50 kg	Freeze Dried Lemon Powder	2.5	In a big silver basin, weigh the following ingredients	
Green Stardust = 50kg	50 kg	Matcha ORGANIC -	30.0	In a big silver basin, weigh the following ingredients	
Green Stardust = 50kg	50 kg	Moringa Powder	10.0	In a big silver basin, weigh the following ingredients	
Cacao Stardust = 80kg	80 kg	Maca Powder	2.4	In a big silver basin, weigh the following ingredients	Weighing: Powders | Bucketing: Bucket into 20ltr buckets | ****Make sure to put on a face mask as the mixing process is very dusty and can be sensitive to your lungs**** | **When weighing powders, set up dust extracter machine to suck up any light dust** | Mix all dry ingredients with hands (wearing green gloves) untill all product is mixed well and even. | If there are any clumps visible, get circular sifter and sift all clumps over silver basin until no clumps are visible | Once all ingredients are mixed well, fill 20ltr white buckets and place lid ontop | Date the lid with the date of manufacturing
Cacao Stardust = 80kg	80 kg	Mesquite Powder	1.6	In a big silver basin, weigh the following ingredients	
Cacao Stardust = 80kg	80 kg	Cinnamon Powder	8.0	In a big silver basin, weigh the following ingredients	
Cacao Stardust = 80kg	80 kg	Cacao Powder	52.0	In a big silver basin, weigh the following ingredients	
Cacao Stardust = 80kg	80 kg	Shroom Bloom	16.0	In a big silver basin, weigh the following ingredients	
Cacao Stardust = 80kg	80 kg	Rhodiola	1.6	In a big silver basin, weigh the following ingredients	
Choc Stardust = 50kg	50 kg	Maca Powder	1.0	In a big silver basin, weigh the following ingredients	Weighing: Powders | Mixing: In silver basin | Bucketing: red or blue tubs | 1x silver basin for each batch of 50kg | ****Make sure to put on a face mask as the mixing process is very dusty and can be sensitive to your lungs**** | **When weighing powders, set up dust extracter machine to suck up any light dust** | Mix all dry ingredients with hands (wearing green gloves) untill all product is mixed well and even. | If there are any clumps visible, get circular sifter and sift all clumps over silver basin until no clumps are visible | Date the lid on tub with the date of manufacturing | Once all ingredients are mixed well, complete assembly in LB warehouse for packaging to TX
Choc Stardust = 50kg	50 kg	Mesquite Powder	1.0	In a big silver basin, weigh the following ingredients	
Choc Stardust = 50kg	50 kg	Cinnamon Powder	5.0	In a big silver basin, weigh the following ingredients	
Choc Stardust = 50kg	50 kg	Cacao Powder	32.0	In a big silver basin, weigh the following ingredients	
Choc Stardust = 50kg	50 kg	Shroom Bloom	10.0	In a big silver basin, weigh the following ingredients	
Choc Stardust = 50kg	50 kg	Rhodiola	1.0	In a big silver basin, weigh the following ingredients	
Red Stardust = 80kg	80 kg	Beetroot, Acai, Blueberry, Strawberry powder	72.0	In a big silver basin, weigh the following ingredients	Weighing: Powders | Bucketing: Bucket into 20ltr buckets | ****Make sure to put on a face mask as the mixing process is very dusty and can be sensitive to your lungs**** | **When weighing powders, set up dust extracter machine to suck up any light dust** | Mix all dry ingredients with hands (wearing green gloves) untill all product is mixed well and even. | If there are any clumps visible, get circular sifter and sift all clumps over silver basin until no clumps are visible | Once all ingredients are mixed well, fill 20ltr white buckets and place lid ontop | Date the lid with the date of manufacturing
Red Stardust = 80kg	80 kg	Pomegranate	8.0	In a big silver basin, weigh the following ingredients	
Red Stardust = 50kg	50 kg	Red Stardust mix 3	25.0	In a big silver basin, weigh the following ingredients and mix WELL	Weighing: Powders | Mixing: In silver basin | Bucketing: red or blue tubs | 1x silver basin for each batch of 50kg | ****Make sure to put on a face mask as the mixing process is very dusty and can be sensitive to your lungs**** | **When weighing powders, set up dust extracter machine to suck up any light dust** | Mix all dry ingredients with hands (wearing green gloves) untill all product is mixed well and even. | If there are any clumps visible, get circular sifter and sift all clumps over silver basin until no clumps are visible | Date the lid on tub with the date of manufacturing | Once all ingredients are mixed well, complete assembly in LB warehouse for packaging to TX
Red Stardust = 50kg	50 kg	Beetroot powder	25.0	In a big silver basin, weigh the following ingredients and mix WELL	
Yellow Stardust = 80kg	80 kg	Freeze Dried Lemon Powder	1.6	In a big silver basin, weigh the following ingredients	Weighing: Powders | Bucketing: Bucket into 20ltr buckets | ****Make sure to put on a face mask as the mixing process is very dusty and can be sensitive to your lungs**** | **When weighing powders, set up dust extracter machine to suck up any light dust** | Mix all dry ingredients with hands (wearing green gloves) untill all product is mixed well and even. | If there are any clumps visible, get circular sifter and sift all clumps over silver basin until no clumps are visible | Once all ingredients are mixed well, fill 20ltr white buckets and place lid ontop | Date the lid with the date of manufacturing
Yellow Stardust = 80kg	80 kg	Ginger Root Ground	24.0	In a big silver basin, weigh the following ingredients	
Yellow Stardust = 80kg	80 kg	Black Pepper	0.4	In a big silver basin, weigh the following ingredients	
Yellow Stardust = 80kg	80 kg	Cinnamon Ceylon Powder	2.0	In a big silver basin, weigh the following ingredients	
Yellow Stardust = 80kg	80 kg	Turmeric Powder	48.0	In a big silver basin, weigh the following ingredients	
Yellow Stardust = 80kg	80 kg	Amchur	4.0	In a big silver basin, weigh the following ingredients	
Yellow Stardust = 50kg	50 kg	Freeze Dried Lemon Powder	1.0	In a big silver basin, weigh the following ingredients	Weighing: Powders | Bucketing: red or blue tubs | 1x silver basin for each batch of 50kg | ****Make sure to put on a face mask as the mixing process is very dusty and can be sensitive to your lungs**** | **When weighing powders, set up dust extracter machine to suck up any light dust** | Mix all dry ingredients with hands (wearing green gloves) untill all product is mixed well and even. | If there are any clumps visible, get circular sifter and sift all clumps over silver basin until no clumps are visible | Date the lid on tub with the date of manufacturing | Once all ingredients are mixed well, complete assembly in LB warehouse for packaging to TX
Yellow Stardust = 50kg	50 kg	Ginger Root Ground	15.0	In a big silver basin, weigh the following ingredients	
Yellow Stardust = 50kg	50 kg	Cinnamon Ceylon Powder	1.25	In a big silver basin, weigh the following ingredients	
Yellow Stardust = 50kg	50 kg	Amchur	2.5	In a big silver basin, weigh the following ingredients	
Yellow Stardust = 50kg	50 kg	Black Pepper	0.25	In a big silver basin, weigh the following ingredients	
Yellow Stardust = 50kg	50 kg	Turmeric Powder	30.0	In a big silver basin, weigh the following ingredients	
Chocolate Protein = 60kg	60 kg	Organic Cacao Powder	30.0	In a big silver basin, weigh the following ingredients	Weighing: Dry Ingredients | Mixing: In silver basin | Bucketing: Bucket into 20ltr buckets | ****Make sure to put on a face mask as the mixing process is very dusty and can be sensitive to your lungs**** | **When weighing powders, set up dust extracter machine to suck up any light dust** | Mix all dry ingredients with hands (wearing green gloves) untill all product is mixed well and even. | If there are any clumps visible, get circular sifter and sift all clumps over silver basin until no clumps are visible | Once all ingredients are mixed well, fill 20ltr white buckets and place lid ontop | Date the lid with the date of manufacturing
Chocolate Protein = 60kg	60 kg	Intermediate Original Protein Powder	30.0	In a big silver basin, weigh the following ingredients	
Chocolate Protein = 50kg	50 kg	Organic Cacao Powder	25.0	In a big silver basin, weigh the following ingredients	Weighing: Dry Ingredients | Mixing: In silver basin | Bucketing: red or blue tubs | 1x silver basin for each batch of 50kg | ****Make sure to put on a face mask as the mixing process is very dusty and can be sensitive to your lungs**** | **When weighing powders, set up dust extracter machine to suck up any light dust** | Mix all dry ingredients with hands (wearing green gloves) untill all product is mixed well and even. | If there are any clumps visible, get circular sifter and sift all clumps over silver basin until no clumps are visible | Date the lid on tub with the date of manufacturing | Once all ingredients are mixed well, complete assembly in LB warehouse for packaging to TX
Chocolate Protein = 50kg	50 kg	Intermediate Original Protein Powder	25.0	In a big silver basin, weigh the following ingredients	
Caramel Protein = 40kg	40 kg	Mesquite Powder	2.0	In a big silver basin, weigh the following ingredients	Weighing: Dry Ingredients | Mixing: In silver basin | Bucketing: Bucket into 20ltr buckets | ****Make sure to put on a face mask as the mixing process is very dusty and can be sensitive to your lungs**** | **When weighing powders, set up dust extracter machine to suck up any light dust** | Mix all dry ingredients with hands (wearing green gloves) untill all product is mixed well and even. | If there are any clumps visible, get circular sifter and sift all clumps over silver basin until no clumps are visible | Once all ingredients are mixed well, fill 20ltr white buckets and place lid ontop | Date the lid with the date of manufacturing
Caramel Protein = 40kg	40 kg	Organic Maca Powder	4.0	In a big silver basin, weigh the following ingredients	
Caramel Protein = 40kg	40 kg	Intermediate Original Protein Powder	34.0	In a big silver basin, weigh the following ingredients	
Original Protein = 120kg	120 kg	Brown Rice Protein Powder ORGANIC	54.0	In a big silver basin, weigh the following ingredients	Weighing: Dry Ingredients | Mixing: In silver basin | Bucketing: Bucket into 20ltr buckets | ****Make sure to put on a face mask as the mixing process is very dusty and can be sensitive to your lungs**** | **When weighing powders, set up dust extracter machine to suck up any light dust** | Mix all dry ingredients with hands (wearing green gloves) untill all product is mixed well and even. | If there are any clumps visible, get circular sifter and sift all clumps over silver basin until no clumps are visible | Once all ingredients are mixed well, fill 20ltr white buckets and place lid ontop | Date the lid with the date of manufacturing
Original Protein = 120kg	120 kg	Pumpkin Seed Protein Powder	6.0	In a big silver basin, weigh the following ingredients	
Original Protein = 120kg	120 kg	Pea Protein Powder - Organic	48.0	In a big silver basin, weigh the following ingredients	
Original Protein = 120kg	120 kg	Hemp Protein Powder	12.0	In a big silver basin, weigh the following ingredients	
Original Protein = 50kg	50 kg	Brown Rice Protein Powder ORGANIC	22.5	In a big silver basin, weigh the following ingredients	Weighing: Dry Ingredients | Mixing: In silver basin | Bucketing: red or blue tubs | 1x silver basin for each batch of 50kg | ****Make sure to put on a face mask as the mixing process is very dusty and can be sensitive to your lungs**** | **When weighing powders, set up dust extracter machine to suck up any light dust** | Mix all dry ingredients with hands (wearing green gloves) untill all product is mixed well and even. | If there are any clumps visible, get circular sifter and sift all clumps over silver basin until no clumps are visible | Date the lid on tub with the date of manufacturing | Once all ingredients are mixed well, complete assembly in LB warehouse for packaging to TX
Original Protein = 50kg	50 kg	Pumpkin Seed Protein Powder	2.5	In a big silver basin, weigh the following ingredients	
Original Protein = 50kg	50 kg	Pea Protein Powder - Organic	20.0	In a big silver basin, weigh the following ingredients	
Original Protein = 50kg	50 kg	Hemp Protein Powder	5.0	In a big silver basin, weigh the following ingredients	