MFLBALMB.8	-353	MF - Pantry (Bulk)	BLK			B
MFCLOVWXL	-182	MF - Pantry (Bulk)	XLG			H
SDSCHISSM	-105	Stardust - Adaptogen	A			H		11.97
MFYUMMBB12	-83	MF - Pantry (Bulk)	BLK			B
SDASTRASM	-82	Stardust - Adaptogen	A			H		17.03
MFBIRPBLG	-51	MF - Granola	LRG			O		5.83
SDASHWASM	-44	Stardust - Adaptogen	SML			H		15.54
MFCELTSME	-33	MF - Pantry	MED			H		3.95
MFWILDCLG	-31	MF - Munchies	LRG			E		20.59
MFWILDCSM	-28	MF - Munchies	SML			E		12.02
MFOATSRB5	-30	MF - Pantry (Bulk)	BLK			B
MFLOTUSME	-29	MF - Tea	MED			H		11.91
MFCECACSM	-36	MF - Pantry	SML			B
MFLINSEB6.5	-21	MF - Pantry (Bulk)	BLK			B
MFYERBAME	-20	MF - Tea	MED			H		5.62
MFMATCHSM	-17	MF - Tea	SML			H		14.27
MFPECANME	-12	MF - Nuts	MED			O		5.50
MFGOLDGXL	-12	MF - Granola	XLG			E		8.53
MFROSHBSM	358	MF - Pantry	SML			H		7.55
MFBKCHOCB9	-8	MF - Buckies	BLK			E		62.67
MFKELPMME	-8	MF - Pantry	MED			E		8.40
MFBIRPBXL	-8	MF - Granola	XLG			E		5.48
SDPORIGLG	45	Stardust - Protein	LRG			D		8.58
MFBKCARABG	-5	MF - Buckies	BAG			E		3.11
MFGINGGSM	-6	MF - Pantry	SML			D		6.27
MFBLUBUSM	-6	MF - Pantry	SML			H		6.91
MFASHWPSM	-4	MF - Pantry	SML			D		8.16
MFALMONLG	-4	MF - Nuts	LRG			O		10.28
SDYELLOSM	-4	Stardust	SML			D		7.16
MFJASMIME	96	MF - Tea	MED			H
MFCELTSSM	-1	MF - Pantry	SML			H		2.53
MFCACAPME	-4	MF - Pantry	MED			D		4.60
ABCSG	-3	MF - Ingredients	BLK			B
MFCHOCLLG	0	MF - Clusters	LRG			H		7.36
MFCACBPXL	-2	MF - Granola	XLG			E		10.98
MFCINNQXL	0	MF - Pantry (Bulk)	XLG			B
MFBKBRYB9	0	MF - Buckies	BLK			H		60.35
MFCORNFME	0	MF - Tea	MED			H		6.51
MFCURNTME	0	MF - Pantry	MED			B
MFBRAZNXL	5	MF - Nuts	XLG			H		18.92
MFTURMESM	0	MF - Pantry	SML			D		3.76
MFGINSEME	1	MF - Tea	MED			H		19.98
MFSPEARME	1	MF - Tea	MED			H		3.26
MFCYNPEPSM	-5	MF - Pantry	SML			D		7.73
MFKBBQMME	1	MF - Munchies	MED			O		5.55
MFALMONSM	2	MF - Nuts	SML			E		3.12
MFLINSEME	0	MF - Pantry	MED			H		3.88
MFCASHEME	6	MF - Nuts	MED			O		3.99
MFHEMPSB5.5	0	MF - Pantry (Bulk)	BLK			B
SDYELLOLG	3	Stardust	LRG			D		24.95
MFPASSIME	1	MF - Tea	MED			O		6.78
MFMAPLEB10	3	MF - Munchies	BLK			B
MFBLPEPSM	3	MF - Pantry	SML			D		4.82
MFCHOCLSM	3	MF - Clusters	BAG			H		3.63
MFBKCHOCBG	3	MF - Buckies	BAG			E		3.11
MFCACBPLG	3	MF - Granola	LRG			E		4.86
MFFENUWSM	4	MF - Pantry	SML			H		9.39
MFKELPMSM	4	MF - Pantry	SML			D		8.35
MFASHWAME	4	MF - Tea	MED			H		19.78
MFCHILBME	3	MF - Tea	MED			O		6.19
MFCACBPB5	2	MF - Granola	BLK			B		104.95
MFRASFDME	5	MF - Pantry	MED			H		11.66
MFEROLVB4.5	5	MF - Granola	BLK			B
MFTUMMTME	5	MF - Tea	MED			H		5.12
MFBRAZNSM	6	MF - Nuts	SML			E		5.05
MFBEETPME	5	MF - Pantry	MED			H		14.17
MFPEPPEME	3	MF - Tea	MED			O		5.26
BULK-CACPO-5KG	6	Bulk Products	A			H		121.25
MFBKCARAB9	6	MF - Buckies	BLK			E
MFCHAMOME	6	MF - Tea	MED			H		6.86
MFROSEMME	6	MF - Tea	MED			H
MFSUNFSME	6	MF - Pantry	MED			O		3.63
MFWALNUXL	7	MF - Nuts	XLG			E		13.90
MFMAPLEME	7	MF - Munchies	MED			E		4.71
MFBKBRYBG	7	MF - Buckies	BAG			E		2.53
MFYUMMBME	8	MF - Pantry	MED			E		4.11
MFCHIASLG	7	MF - Pantry	LRG			E
MFCECACLG	8	MF - Pantry	LRG			B
MFLBALMME	7	MF - Tea	MED			H		6.51
SDREDLOLG	6	Stardust	LRG			D		28.83
SDCACAOSM	8	Stardust	SML			D		5.56
MFFIRESME	8	MF - Tea	MED			O		6.84
MFFRANKSM	8	MF - Pantry	SML			H		9.71
MFDATESLG	8	MF - Pantry	LRG			H		4.92
MFMIXENB11	7	MF - Nuts	BLK			E		177.73
SDYELLOXL	8	Stardust	XLG			D		48.72
MFCINNPSM	8	MF - Pantry	SML			D		4.71
SDBLUEISM	9	Stardust	SML			D		7.50
MFSEEDMLG	8	MF - Pantry	LRG			O		5.91
MFHIBISME	10	MF - Tea	MED			H		7.85
MFSLIPPSM	11	MF - Pantry	SML			H		7.24
MFMESQPSM	11	MF - Pantry	SML			D		6.81
SDRHODISM	11	Stardust - Adaptogen	SML			H
MFPAPRSSM	11	MF - Pantry	SML			D		4.75
SDREDLOSM	12	Stardust	SML			D		9.83
MFMAPLESM	12	MF - Munchies	SML			H		3.35
MFMIXENLG	12	MF - Nuts	LRG			E		6.45
MFCANIBSM	13	MF - Pantry	SML			H		2.19
MFMAPLEXL	13	MF - Munchies	XLG			H
SDREDLOB3	15	Stardust	BLK			B
MFTUMMTB.8	15	MF - Tea	BLK			B
MFMIXENME	14	MF - Nuts	MED			E		4.18
MFMAPLELG	15	MF - Munchies	LRG			E		7.92
MFRASLFME	15	MF - Tea	MED			H		8.01
MFOOLONME	16	MF - Tea	MED			H		9.52
MFBUCKWB12	17	MF - Pantry (Bulk)	BLK			B
SDGREENSM	17	Stardust	SML			D		3.75
MFHAZELME	17	MF - Nuts	MED			E		6.60
MFIMMUNME	17	MF - Tea	MED			O		5.95
MFBLCUMSM	17	MF - Pantry	SML			H		4.77
MFBEETPSM	17	MF - Pantry	SML			H		8.72
MFKBBQMLG	18	MF - Munchies	LRG			E		7.07
MFEROLVXL	19	MF - Granola	XLG			E		13.36
MFTERIMME	18	MF - Munchies	MED			E		4.32
MFCACBPSM	19	MF - Granola	BAG			E		2.45
MFEROLVLG	18	MF - Granola	LRG			E		6.08
MFROOIBME	19	MF - Tea	MED			H		7.38
MFLAVENME	19	MF - Tea	MED			H		5.43
MFMAPLEB5	20	MF - Munchies	BLK			H		102.95
MFASHWPME	21	MF - Pantry	MED			D		11.22
MFTUMMTSM	21	MF - Tea	SML			H		3.57
MFMIXENXL	22	MF - Nuts	XLG			E		16.63
SDPCHOCLG	22	Stardust - Protein	LRG			O		10.41
MFCHIASME	22	MF - Pantry	MED			E		5.40
MFHEMPSME	23	MF - Pantry	MED			H		10.15
MFDMTEAME	23	MF - Tea	MED			H		3.71
MFTULSIME	23	MF - Tea	MED			H		4.94
FCORDYSM	25	Fungi	A			H		21.26
MFDMTEASM	25	MF - Tea	SML			H		6.87
MFROSEPSM	25	MF - Pantry	SML			H		4.28
MFSUNFSLG	25	MF - Pantry	LRG			O		4.98
MFBRAZNLG	25	MF - Nuts	LRG			E		9.66
MFCHILBB.8	25	MF - Tea	BLK			B		45.84
SDREDLOXL	26	Stardust	XLG			H		49.40
SDCACAOLG	26	Stardust	LRG			D		17.82
MFTURMEME	25	MF - Pantry	MED			D		6.87
MFLOTUSSM	26	MF - Pantry	SML			H		9.56
MFCASHELG	26	MF - Nuts	LRG			E		7.89
MFCARCLSM	27	MF - Clusters	BAG			H		4.44
MFCARDASM	27	MF - Pantry	SML			H
MFSESASSM	27	MF - Pantry	SML			H		2.14
MFCINNPME	27	MF - Pantry	MED			O		8.07
MFCACBPB10	28	MF - Granola	BLK			B		79.87
MFGOCHUME	29	MF - Pantry	MED			H
MFMIXENSM	30	MF - Nuts	SML			E		2.36
MFBRAZNME	30	MF - Nuts	MED			O		8.45
MFGOLDGLG	30	MF - Granola	LRG			E		3.97
MFSEEDMME	31	MF - Pantry	MED			O		4.22
MFMACAPME	32	MF - Pantry	MED			D		5.52
MFMIXENINFYME	31	MF - Nuts	MED			E		4.59
MFCHILBSM	33	MF - Tea	SML			H		3.47
MFTERIMB10	34	MF - Munchies	BLK			B
MFMIXENINFYSM	33	MF - Nuts	SML			E		3.61
MFTAMARME	33	MF - Munchies	MED			E		11.11
MFTERIMSM	35	MF - Munchies	SML			H		2.94
MFMACAPSM	35	MF - Pantry	SML			D		4.16
MFPEPITME	37	MF - Pantry	MED			O		4.85
MFMORINME	36	MF - Pantry	MED			D		8.39
MFBUCKWLG	37	MF - Pantry	LRG			E		3.90
MFCASHEB6	38	MF - Nuts	BLK			B
MFLEMMPSM	39	MF - Pantry	SML			H		7.13
MFEROLVSM	39	MF - Granola	BAG			E		3.79
MFCARCLLG	40	MF - Clusters	LRG			H		6.18
MFMORINSM	37	MF - Pantry	SML			H		6.93
MFWALNUME	41	MF - Nuts	MED			O		5.43
MFALMONME	41	MF - Nuts	MED			O		7.38
MFGARLPSM	41	MF - Pantry	SML			D		6.90
MFWALNUSM	42	MF - Nuts	SML			H		2.36
MFCASHEXL	42	MF - Nuts	XLG			E		9.78
MFLIQUOME	40	MF - Tea	MED			H		4.68
MFCACAPSM	42	MF - Pantry	SML			D		4.12
MFPEPITLG	44	MF - Pantry	LRG			E		7.65
MFMACARME	41	MF - Nuts	MED			H		10.40
MFCECACME	28	MF - Pantry	MED			B
MFTAMARSM	47	MF - Munchies	SML			E		13.01
MFPECANXL	47	MF - Nuts	XLG			E		8.07
MFCANIBME	48	MF - Pantry	MED			H		7.15
BULK-ABBNR-BOX	50	Bulk Products	BLK			B
MFEROLVB9	50	MF - Granola	BLK			B		91.92
MFCASHESM	50	MF - Nuts	SML			E		1.82
MFCACAPLG	50	MF - Pantry	LRG			O		7.88
MFCHERRME	52	MF - Pantry	MED			H		8.58
MFWALNULG	54	MF - Nuts	LRG			O		5.80
MFTAMARLG	55	MF - Munchies	LRG			E
MFNUTMESM	55	MF - Pantry	SML			H		9.94
MFPECANSM	56	MF - Nuts	SML			E		2.91
FLIONMSM	56	Fungi	A			H		21.20
MFTERIMLG	57	MF - Munchies	LRG			E		9.58
MFMIXENB5.5	60	MF - Nuts	BLK			B
MFYEASTME	61	MF - Pantry	MED			H		4.34
SDBLUEIXL	68	Stardust	XLG			H		112.90
FLIONMLG	68	Fungi	LRG			H
MFPSYHUME	69	MF - Pantry	MED			D		5.27
MFGINKLME	69	MF - Tea	MED			H		6.15
MFENGLBME	69	MF - Tea	MED			H		5.39
MFVALERSM	71	MF - Pantry	SML			H		12.56
FSHROBSM	73	Fungi	A			H		20.52
MFGINGRME	74	MF - Tea	MED			H		4.67
SDBLUEILG	73	Stardust	LRG			D		35.83
SDGREENLG	76	Stardust	LRG			H
MFWILDCME	77	MF - Munchies	MED			E		11.03
MFALMONXL	83	MF - Nuts	XLG			H		18.43
MFPECANLG	84	MF - Nuts	LRG			O		4.55
MFCUMSWSM	89	MF - Pantry	SML			H
MFSTARASM	103	MF - Pantry	SML			H		4.41
MFCARCLB9	127	MF - Clusters	BLK			B
MFFENNSSM	132	MF - Pantry	SML			H		6.19
MFGOTUKME	159	MF - Tea	MED			H		7.25
FREISHSM	199	Fungi	A			H		17.14
FCHAGASM	202	Fungi	A			H		19.66
SDCREATME	409	Stardust	MED			B
